{
  "assetsByChunkName": {
    "vendors~app-account~app-confirmation~app-order": "chunk.dc7116c95a93001808b7.js",
    "vendors~app-account~app-checkout": "chunk.6a57d915c099ce538e4f.js",
    "vendors~app-cart~app-checkout": "chunk.bd05347994eef4f56ef5.js",
    "admin": [
      "admin.9259c578ae94bb179247.js",
      "admin.9259c578ae94bb179247.js.map"
    ],
    "app-account": "chunk.ff856efa3f4fed2f07cc.js",
    "app-checkout": "chunk.f5d9b0921d36d5f5c653.js",
    "app-confirmation": "chunk.38b2778b4631c5d285be.js",
    "checkout": [
      "checkout.147416817eb3fe883324.js",
      "checkout.147416817eb3fe883324.js.map"
    ],
    "storefront": [
      "storefront.69d44989ab4a151f242c.css",
      "storefront.2fba95536157d75d68f3.js",
      "storefront.69d44989ab4a151f242c.css.map",
      "storefront.2fba95536157d75d68f3.js.map"
    ],
    "vendors~app-cart": "chunk.9dc70bbd4569b67fcef8.js",
    "vendors~app-order": "chunk.34db78a554cde52e0a23.js"
  }
}