{
  "title": "Como Comprar",
  "body": "# C﻿omo Comprar\n\nComprar na Urbanna é muito simples. Você deverá adicionar os produtos que deseja comprar e ir seguindo os passos da tela.\n\n1. Escolha o produto que deseja comprar. Caso o produto tenha grade, você deverá selecionar o tamanho desejado.\n2. Clique no botão \"Comprar\". O seu produto será adicionado ao carrinho e você poderá seguir comprando, caso desejar.\n3. Você pode seguir adicionando outros produtos ao carrinho ou, então, clicar em \"Finalizar Compra\".\n4. Complete com seus dados de contato e clique em \"Continuar\".\n5. Coloque o endereço de onde você deseja receber o produto. Logo clique em \"Continuar\".\n6. Selecione a forma de frete que desejar e clique em \"Continuar\".\n\n   * Os envios são feitos a partir dos Correios ou Transportadora.\n7. Escolha o meio de pagamento.\n\n   * Uma vez que você tenha escolhido o meio de pagamento, clique \"Continuar\".\n8. Finalmente na Confirmação da compra você pode revisar toda a informação sobre a mesma, inclusive os seus dados. Logo clique em \"Continuar\".\n9. Você será redirigido para outra tela para que complete os dados sobre a forma de pagamento escolhida. Depois de confirmar a compra receberá um email da nossa parte, esse não será um comprovante de pagamento.\n10. Uma vez creditado o pagamento, faremos um envio correspondente dos produtos que você comprou.\n\n**Formas de Pagamento**\n\nPara sua comodidade trabalhamos com pagamentos com Cartão de Crédito e Pix.\n\n**Cartão de Crédito**\\\nPara pagamento com cartão é necessário inserir os dados do mesmo para completar a transação. Sua compra é totalmente segura através do nosso site.\n***Atenção:*** para que a transação tenha sucesso na aprovação todas as informações inseridas devem estar idênticas àquelas do cartão, inclusive o nome em letras maiúsculas. \n\n**Pix**\\\nPagamentos realizados via pix geralmente são confirmados em até 30 minutos após o pagamento.\n\nCaso tenha alguma dúvida entre em [Contato Conosco](https://urbanna.com.br/pages/contato). Para informações sobre seus dados leia nossa [Política de Privacidade.](https://urbanna.com.br/pages/privacidade)",
  "meta_title": "Urbanna | Como comprar",
  "meta_description": "Comprar na Urbanna é muito simples. Clique aqui e veja o passo a passo para comprar em nosso site. Aceitamos cartões de créditos e pix. Parcele em até 10x sem juros.",
  "sections": [
    {
      "type": "extra-page",
      "enabled": true
    },
    {
      "type": "collection-shelf",
      "shuffle": false,
      "limit": 20,
      "page": 1,
      "sort": "news"
    },
    {
      "type": "info-bar",
      "enabled": true
    }
  ]
}