{
  "title": "Contato",
  "meta_title": "Urbanna - Contato",
  "meta_description": "Precisa de alguma ajuda com sua compra como troca ou devolução? Clique e preencha o formulário. Urbanna, sua loja online de calçados, roupas e acessórios femininos.",
  "body": "# C﻿ontato\n\nV﻿ocê pode entrar em contato conosco através dos nossos canais de atendimento.\n\n**Whatsapp - Atendimento Personalizado**\\\nSe você tem dúvidas para comprar pode entrar em contato conosco através do Whatsapp para atendimento personalizado. [Clique aqui para falar com nossa equipe.](https://wa.me/5522997269952)\n\n**E﻿mail - Suporte ao site e compras**\\\nSe você estiver tendo algum problema em nosso site, tais como acesso a conta ou atraso com relação a sua compra, pode entrar em contato conosco através do [nosso email contato@urbanna.com.br.](mailto:contato@urbanna.com.br)\n\n**P﻿ara trocas e devoluções**\\\nC﻿aso você queira fazer uma troca ou devolução acesse nosso [Formulário de Troca e Devolução clicando aqui.](https://urbanna.com.br/sac)",
  "sections": [
    {
      "type": "extra-page",
      "enabled": true
    },
    {
      "type": "collection-shelf",
      "shuffle": false,
      "limit": 20,
      "page": 1,
      "sort": "news"
    },
    {
      "type": "info-bar",
      "enabled": true
    }
  ]
}