{
  "title": "Central de Atendimento",
  "body": "<!--StartFragment-->\n\n<!--EndFragment-->",
  "meta_title": "Urbanna | Central de Atendimento",
  "meta_description": "Acesse aqui nossa Central de Atendimento (SAC). Tenha um atendimento Urbanna totalmente personalizado. Solicite suas trocas e devoluções aqui.",
  "sections": [
    {
      "type": "custom-html",
      "html": "<!DOCTYPE html>\n<html lang=\"pt-BR\">\n<head>\n<meta charset=\"UTF-8\">\n<meta name=\"viewport\" content=\"width=device-width, initial-scale=1.0\">\n<title>Central de Atendimento Urbanna</title>\n<style>\n    body {\n        margin: 0;\n        padding: 0;\n        font-family: Arial, sans-serif;\n        background-color: #ffffff;\n    }\n\n    .button-wrapper {\n        display: flex;\n        justify-content: center;\n        align-items: flex-start; /* Alinhar no topo da página */\n        min-height: 100vh; /* Altura mínima para preencher a tela */\n        padding: 20px; /* Espaçamento ao redor dos botões */\n        margin-bottom: -20px; /* Margem inferior negativa para compensar o espaçamento */\n    }\n\n    .button-container {\n        display: flex;\n        flex-direction: column;\n        align-items: center;\n    }\n\n    .button {\n        display: block;\n        padding: 10px 0;\n        width: 250px; /* Comprimento fixo */\n        background-color: #000;\n        color: #fff;\n        text-decoration: none;\n        margin-bottom: 10px; /* Espaço entre os botões */\n        border-radius: 5px;\n        text-align: center;\n        transition: background-color 0.3s ease;\n    }\n\n    .button:last-child {\n        margin-bottom: 0; /* Remove espaço após o último botão */\n    }\n\n    .button:hover {\n        background-color: #333;\n        color: #fff; /* Força a cor do texto a permanecer branca */\n        text-decoration: none; /* Remove sublinhado */\n    }\n    .page-title {\n        text-align: center;\n    }\n</style>\n</head>\n<body>\n<h2 class=\"page-title\">Central de Atendimento</h2>\n\n<div class=\"button-wrapper\">\n    <div class=\"button-container\">\n        <a href=\"https://appsurbanna-81205.bubbleapps.io/version-test/sac_formulario\" class=\"button\" target=\"_blank\">Trocas e Devoluções</a>\n        <a href=\"https://wa.me/5522997269952\" class=\"button\" target=\"_blank\">Atendimento WhatsApp</a>\n    </div>\n</div>\n\n</body>\n</html>"
    },
    {
      "type": "collection-shelf",
      "shuffle": true,
      "limit": 20,
      "page": 1,
      "sort": "news",
      "title": "Confira nossas últimos novidades"
    },
    {
      "type": "info-bar",
      "enabled": true
    }
  ]
}