{
  "categories_list": {
    "featured": [],
    "random": 6,
    "full_width": true
  },
  "menu_all_departments": false,
  "centralized_logo": true,
  "marketing_stripe": {
    "text": "Frete grátis para compras acima de R$ 149 (Sudeste)",
    "link": "",
    "background": "#000000"
  },
  "alphabetical_order_submenu": false,
  "search_input": true,
  "desktop_megamenu": false,
  "full_width_submenu": false,
  "contacts_stripe": {
    "pages": [],
    "phone_wpp": true,
    "socials": true
  }
}