{
  "meta_title": "Urbanna | Sapatos, Roupas e Bolsas Femininas",
  "meta_description": "Na Urbanna você encontra calçados, roupas e bolsas femininas. Compre Santa Lolla e Frysaide aqui. Compre com frete grátis e parcelamento em até 10x sem juros.",
  "sections": [
    {
      "type": "banner-slider",
      "autoplay": 0,
      "full_width": true,
      "slides": [
        {
          "start": "",
          "end": "",
          "img": "/img/uploads/santa_lolla_verao_2025-2-.webp",
          "link": "https://urbanna.com.br/calcados-femininos",
          "mobile_img": "/img/uploads/santa_lolla_verao_2025_mobile-1.webp",
          "alt": "Santa Lolla - Verão 2025"
        }
      ]
    },
    {
      "type": "info-bar",
      "enabled": true
    },
    {
      "type": "banners-grid",
      "banners": [
        {
          "img": "/img/uploads/santa_lolla_rasteiras_papetes_verao_2025.webp",
          "link": "https://urbanna.com.br/calcados-femininos/rasteiras",
          "alt": "Rasteiras Santa Lolla Verão 2025"
        },
        {
          "img": "/img/uploads/santa_lolla_sandalias_verao_2025.webp",
          "link": "https://urbanna.com.br/calcados-femininos/sandalias",
          "alt": "Sandálias Santa Lolla - Verão 2025"
        }
      ]
    },
    {
      "type": "custom-html",
      "html": "<link href=\"https://fonts.googleapis.com/css2?family=Poppins:wght@400&display=swap\" rel=\"stylesheet\">\n<style>\npoppins-text {\n    font-family: 'Poppins', sans-serif;\n    font-size: 24px;\n    font-family: sans-serif;\n  }\n</style>\n<h2 class=\"poppins-text\"  align=\"center\">encontre os últimos lançamentos Santa Lolla</h2>"
    },
    {
      "type": "collection-shelf",
      "shuffle": false,
      "limit": 14,
      "page": 1,
      "collection_id": "64489fcf4bd2e929c1e091a9:categories:Sandálias:/calcados-femininos/sandalias",
      "title": "Sandálias",
      "sort": "news"
    },
    {
      "type": "collection-shelf",
      "shuffle": false,
      "limit": 12,
      "page": 1,
      "collection_id": "6451a6e44bd2e929c1e9dee3:categories:Rasteiras:/calcados-femininos/rasteiras",
      "sort": "news",
      "title": "Rasteiras",
      "link": ""
    },
    {
      "type": "banners-grid",
      "banners": [
        {
          "img": "/img/uploads/santa_lolla_bolsas_verao_2025.webp",
          "link": "https://urbanna.com.br/bolsas-e-carteiras-femininas/bolsas",
          "alt": "Santa Lolla Bolsas Verão 2025"
        }
      ]
    },
    {
      "type": "collection-shelf",
      "shuffle": false,
      "limit": 15,
      "page": 1,
      "collection_id": "6460396da0e875411e8c8bb3:categories:Bolsas:/bolsas-e-carteiras-femininas/bolsas",
      "sort": "news",
      "title": "Bolsas"
    },
    {
      "type": "custom-html",
      "html": "<link href=\"https://fonts.googleapis.com/css2?family=Poppins:wght@400&display=swap\" rel=\"stylesheet\">\n<style>\npoppins-text {\n    font-family: 'Poppins', sans-serif;\n    font-size: 24px;\n    font-family: sans-serif;\n  }\n</style>\n<h2 class=\"poppins-text\"  align=\"center\">aproveite nossas vantagens para comprar</h2>"
    },
    {
      "type": "responsive-banner",
      "img": "/img/uploads/compre_urbanna_1500x363.jpg"
    },
    {
      "type": "custom-html",
      "html": "<!-- LightWidget WIDGET --><script src=\"https://cdn.lightwidget.com/widgets/lightwidget.js\"></script><iframe src=\"https://cdn.lightwidget.com/widgets/6e13d251f36b57068eafc7e33a36d5d9.html\" scrolling=\"no\" allowtransparency=\"true\" class=\"lightwidget-widget\" style=\"width:100%;border:0;overflow:hidden;\"></iframe>\n  <br>"
    },
    {
      "type": "custom-html",
      "html": "<!-- Estilos Personalizados -->\n<style type=\"text/css\" scoped>\n    .modal-content {\n        background-color: #f1f1f1;\n        padding: 20px;\n        border: none;\n        margin: 0 auto;\n    }\n\n    .modal-header, .modal-footer {\n        border: none;\n        text-align: center;\n    }\n\n    .modal-title {\n        font-family: 'Poppins', sans-serif;\n        color: #333;\n        font-size: 28px;\n        margin-bottom: 5px;\n        text-align: center; /* Centraliza o título */\n    }\n\n    .modal-body {\n        text-align: center; /* Centraliza todo o conteúdo dentro do corpo do modal */\n    }\n\n    .modal-body p {\n        font-family: 'Poppins', sans-serif;\n        color: #555;\n        font-size: 16px;\n        margin-bottom: 30px;\n    }\n\n    .mauticform-input, .mauticform-button {\n        width: 100%;\n        padding: 12px;\n        font-family: 'Poppins', sans-serif;\n        font-size: 14px;\n        margin-bottom: 15px;\n        border-radius: 5px;\n        box-sizing: border-box;\n    }\n\n    .mauticform-input {\n        border: 1px solid #ccc;\n    }\n\n    .mauticform-button {\n        background-color: #000000;\n        color: #fff;\n        border: none;\n    }\n\n    .modal-footer .mauticform-button {\n        margin-top: 10px;\n    }\n\n    .mauticform-message {\n        margin-top: 15px;\n        color: green;\n        font-family: 'Poppins', sans-serif;\n        text-align: center;\n    }\n</style>\n\n<!-- Formulário Mautic -->\n<div class=\"modal-content\">\n    <div class=\"modal-header\">\n        <h5 class=\"modal-title\" style=\"text-align: center;\">Newsletter</h5>\n    </div>\n    <div class=\"modal-body\">\n        <p>Inscreva-se em nossa Newsletter e ganhe 10% OFF na sua primeira compra a partir de R$300!</p>\n        <div id=\"mauticform_wrapper_formulariopaginainicialfixo\" class=\"mauticform_wrapper\">\n            <form autocomplete=\"false\" role=\"form\" method=\"post\" action=\"https://mautic.urbanna.com.br/form/submit?formId=3\" id=\"mauticform_formulariopaginainicialfixo\" data-mautic-form=\"formulariopaginainicialfixo\" enctype=\"multipart/form-data\">\n                <div class=\"mauticform-error\" id=\"mauticform_formulariopaginainicialfixo_error\"></div>\n                <div class=\"mauticform-message\" id=\"mauticform_formulariopaginainicialfixo_message\"></div>\n                <div class=\"mauticform-innerform\">\n                    <div class=\"mauticform-page-wrapper mauticform-page-1\" data-mautic-form-page=\"1\">\n                        <div id=\"mauticform_formulariopaginainicialfixo_nome\" class=\"mauticform-row mauticform-text mauticform-field-1 mauticform-required\" data-validate=\"nome\" data-validation-type=\"text\">\n                            <input type=\"text\" name=\"mauticform[nome]\" value=\"\" id=\"mauticform_input_formulariopaginainicialfixo_nome\" class=\"mauticform-input\" placeholder=\"Nome\">\n                            <span class=\"mauticform-errormsg\" style=\"display:none;\">Insira seu nome</span>\n                        </div>\n                        <div id=\"mauticform_formulariopaginainicialfixo_email\" class=\"mauticform-row mauticform-email mauticform-field-2 mauticform-required\" data-validate=\"email\" data-validation-type=\"email\">\n                            <input type=\"email\" name=\"mauticform[email]\" value=\"\" id=\"mauticform_input_formulariopaginainicialfixo_email\" class=\"mauticform-input\" placeholder=\"E-mail\">\n                            <span class=\"mauticform-errormsg\" style=\"display:none;\">Insira seu e-mail</span>\n                        </div>\n                        <div id=\"mauticform_formulariopaginainicialfixo_submit\" class=\"mauticform-row mauticform-button-wrapper mauticform-field-3\">\n                            <button class=\"btn btn-default mauticform-button\" name=\"mauticform[submit]\" value=\"1\" id=\"mauticform_input_formulariopaginainicialfixo_submit\" type=\"submit\">Enviar</button>\n                        </div>\n                    </div>\n                </div>\n                <input type=\"hidden\" name=\"mauticform[formId]\" id=\"mauticform_formulariopaginainicialfixo_id\" value=\"3\">\n                <input type=\"hidden\" name=\"mauticform[return]\" id=\"mauticform_formulariopaginainicialfixo_return\" value=\"\">\n                <input type=\"hidden\" name=\"mauticform[formName]\" id=\"mauticform_formulariopaginainicialfixo_name\" value=\"formulariopaginainicialfixo\">\n            </form>\n        </div>\n    </div>\n</div>\n\n<!-- Script do Mautic -->\n<script type=\"text/javascript\">\n    if (typeof MauticSDKLoaded == 'undefined') {\n        var MauticSDKLoaded = true;\n        var head = document.getElementsByTagName('head')[0];\n        var script = document.createElement('script');\n        script.type = 'text/javascript';\n        script.src = 'https://mautic.urbanna.com.br/media/js/mautic-form.js?v0320fc90';\n        script.onload = function() {\n            MauticSDK.onLoad();\n        };\n        head.appendChild(script);\n        var MauticDomain = 'https://mautic.urbanna.com.br';\n        var MauticLang = {\n            'submittingMessage': \"Assinando Newsletter...\"\n        }\n    } else if (typeof MauticSDK != 'undefined') {\n        MauticSDK.onLoad();\n    }\n</script>\n"
    },
    {
      "type": "custom-html",
      "html": "<link href=\"https://fonts.googleapis.com/css2?family=Poppins:wght@400&display=swap\" rel=\"stylesheet\">\n<style>\npoppins-text {\n    font-family: 'Poppins', sans-serif;\n    font-size: 24px;\n    font-family: sans-serif;\n  }\n</style>\n<h2 class=\"poppins-text\"  align=\"center\">marcas que amamos!</h2>"
    },
    {
      "type": "brands-carousel",
      "limit": 24,
      "offset": 0
    }
  ]
}