{
  "sections": [
    {
      "type": "breadcrumbs",
      "enabled": true
    },
    {
      "type": "product-block",
      "enabled": true,
      "size_guide": {
        "image": "",
        "title": ""
      }
    },
    {
      "type": "product-description",
      "title": "Quem comprou este produto, também comprou:",
      "enabled": true
    },
    {
      "type": "buy-together",
      "enabled": true
    },
    {
      "type": "collection-shelf",
      "shuffle": true,
      "limit": 24,
      "page": 1,
      "sort": "news",
      "title": "Últimas Novidades"
    },
    {
      "type": "related-products",
      "title": "Produtos Relacionados"
    },
    {
      "type": "collection-shelf",
      "shuffle": true,
      "limit": 24,
      "page": 1,
      "sort": "sales",
      "title": "Veja mais!"
    }
  ]
}
